{"N075": [103.42248878251655, 33.618829676864465, 0.005227825470115094], "N1%": [135.06210023829289, 32.66295944083607, 0.013428738092076441], "N1.2%": [98.48854832958972, 27.39257675722275, 0.0035655644913434206], "SA075": [172.67561895554246, 27.25805087531643, 0.01259241269523318], "SA1%": [110.40273692966754, 19.65475070784283, 0.0028764216267697772], "SA1.2%": [113.52492344281094, 23.515847978726963, 0.0022627836845379922], "H025": [107.39050342470806, 34.664479651912394, 0.008615919106393706], "H050": [110.51682490249284, 31.16589064837021, 0.0213062496530216], "H075": [111.7241655278898, 27.52331235427104, 0.008339278073615938]}